Int. Dep. by Port,n_vys,n_imo,tps_mn_gtnm,tps_mn_dwtnm,aby_vys,aby_flt,aby_gtnm,aby_dwtnm,avd_vys,avd_flt,avd_gtnm,avd_dwtnm,avt_vys,avt_flt,avt_gtnm,avt_dwtnm,apt_vys,apt_flt,apt_gtnm,apt_dwtnm,ene_tj,ene_tj_voy,ene_tj_stop,co2_t,co2_t_voy,co2_t_stop,co2e_t,co2e_t_voy,co2e_t_stop
Yokohama,3071,1150,330900.2,317724.1,2007.6,2006.8,2007.4,2007.9,1286.3,2835.4,2923.2,2858.7,109.0,216.4,309.1,311.0,18.0,39.8,34.9,38.3,33130.1,31697.6,1432.5,2514355.0,2405934.0,108421.0,2562630.6,2452127.9,110502.7
Nagoya,2824,1010,212136.9,235765.6,2006.4,2007.3,2007.4,2008.5,1155.2,2505.6,2697.4,2683.7,89.0,203.9,309.1,314.5,17.0,54.8,65.3,79.1,20067.6,18373.8,1693.7,1477663.5,1354345.0,123318.5,1506034.6,1380348.4,125686.2
Kobe,2816,819,104564.0,115867.7,2005.8,2006.9,2007.8,2008.1,943.7,2006.4,1742.3,1712.3,69.0,162.4,257.5,261.5,15.0,44.2,34.9,42.7,14099.8,13137.8,962.0,1087052.4,1013650.2,73402.2,1107923.8,1033112.3,74811.6
Hakata,1955,309,34731.2,18033.9,2002.5,2005.0,2008.0,2006.8,459.7,1085.2,786.3,830.2,33.0,102.4,116.5,202.3,11.0,50.8,43.6,55.9,5684.4,4450.5,1233.9,438584.5,343652.3,94932.2,447005.3,350250.4,96754.9
Mizushima,1282,652,131040.9,234334.6,2006.8,2007.7,2009.5,2009.8,971.4,2481.7,3963.5,4095.6,89.0,218.8,405.2,410.7,23.5,51.3,54.0,55.0,8889.1,8331.0,558.1,679533.8,636855.7,42678.2,692580.9,649083.3,43497.6
Moji,1281,385,7431.0,8670.0,2001.6,2002.3,2002.7,2003.5,538.7,772.9,648.5,667.8,47.0,73.7,90.8,98.2,13.0,42.7,30.3,28.5,1721.3,1459.3,262.0,131950.8,112141.8,19809.0,134484.2,114294.9,20189.3
Kawasaki,1280,697,156773.9,146213.7,2006.8,2006.4,2007.7,2008.7,1358.5,2935.8,4266.2,3819.4,137.5,247.6,419.6,410.4,25.0,53.6,69.7,73.0,15842.1,14691.8,1150.3,1073289.6,989855.1,83434.6,1093896.8,1008860.3,85036.5
Osaka,1141,318,15308.2,18550.0,2004.0,2005.1,2006.4,2008.3,762.0,1490.3,991.9,1237.3,61.0,148.1,219.8,283.1,16.0,50.6,41.9,46.2,2919.2,2603.2,316.0,224367.5,200436.5,23931.1,228675.4,204284.9,24390.5
Shimonoseki,954,221,9621.7,10663.8,1998.0,2003.4,2007.9,2009.2,273.7,1241.9,831.9,1691.8,19.0,141.9,222.6,342.9,14.0,57.8,68.5,96.3,1413.2,1110.2,303.0,108426.1,85372.0,23054.0,110507.8,87011.2,23496.7
Oita,931,519,42914.3,56228.2,2005.5,2006.2,2008.4,2009.7,750.3,1898.9,3126.5,2964.9,80.0,180.4,398.6,397.7,22.0,58.2,388.5,230.7,4159.3,3633.6,525.8,299939.8,261350.2,38589.6,305698.7,266368.2,39330.5
Tonda,865,284,23321.9,38740.3,2004.5,2007.7,2009.4,2009.5,697.8,1699.1,2114.8,2216.6,69.0,164.6,329.2,331.4,21.0,57.1,64.5,64.9,2729.4,2411.6,317.8,210362.9,186105.6,24257.3,214401.9,189678.8,24723.0
Fukuyama,836,493,65184.8,121494.6,2006.4,2007.3,2010.0,2010.0,1394.8,2297.3,3166.3,3230.3,149.5,221.6,365.3,367.1,32.0,60.8,98.4,99.8,4282.0,4031.4,250.6,330762.5,311561.5,19200.9,337113.1,317543.5,19569.6
Tokyo,798,243,106618.3,115029.0,2008.9,2007.2,2009.1,2009.1,1256.3,2432.7,3015.9,3017.8,95.0,183.4,320.4,317.8,20.0,56.7,40.2,41.1,12134.4,11727.1,407.3,937431.6,906530.5,30901.1,955430.3,923935.8,31494.4
Kashima Ko,698,478,56192.5,100070.6,2008.9,2008.8,2009.6,2009.4,1763.7,2849.1,3577.1,3680.3,191.0,275.8,402.6,403.4,26.0,64.9,81.1,80.9,4886.5,4398.1,488.4,377350.1,339838.1,37512.0,384595.2,346363.0,38232.2
Ichihara,676,426,160212.7,231416.7,2008.2,2008.0,2008.2,2008.4,2860.6,3376.8,4113.8,4284.0,222.5,294.9,428.4,429.7,30.0,68.8,64.4,67.6,12496.6,11356.6,1140.0,879604.4,794720.5,84883.9,896492.8,809979.1,86513.7
Sakaisenboku,670,427,117015.1,141370.7,2007.5,2007.0,2009.2,2009.2,1372.6,2481.4,3849.9,3955.7,132.5,205.2,384.0,395.0,25.0,48.7,51.9,52.4,9641.3,8803.4,837.8,665695.9,603053.2,62642.7,678477.2,614631.8,63845.4
Yokkaichi,656,330,105528.2,151758.7,2006.2,2007.5,2006.3,2007.6,1228.4,2737.4,4230.9,4398.6,108.5,235.0,413.8,431.6,21.0,53.7,73.3,63.9,8468.7,7654.9,813.8,597651.4,538164.1,59487.4,609126.3,548496.8,60629.5
Kisazaru,529,372,108169.7,113753.7,2006.6,2007.9,2007.5,2009.0,2918.5,3350.0,4290.6,4054.3,259.0,304.2,396.9,404.8,28.0,51.5,54.6,55.8,10369.9,9958.7,411.2,680656.0,651082.7,29573.3,693724.6,663583.5,30141.1
Anegasaki,508,307,25758.7,42383.5,2005.7,2006.9,2010.8,2010.8,1246.3,2397.4,3391.1,3384.5,120.5,224.3,416.0,406.2,25.0,56.2,82.7,82.3,2766.8,2409.0,357.8,213109.0,185678.6,27430.5,217200.7,189243.6,27957.1
Ube,487,324,33349.7,60889.1,2005.4,2006.2,2010.2,2010.3,827.3,1893.9,3469.8,3600.6,74.0,179.3,411.5,416.3,25.0,69.9,61.7,60.8,2381.3,2196.1,185.2,184044.2,169850.7,14193.6,187577.9,173111.8,14466.1
Chiba,471,320,42237.3,65347.6,2006.5,2007.5,2010.1,2010.4,1630.5,2887.1,3469.7,3445.2,170.0,274.5,389.5,376.9,27.0,70.2,87.3,99.5,3324.2,3073.8,250.4,256684.1,237553.4,19130.7,261612.4,242114.4,19498.0
Tomakomai Ko,466,226,37580.4,66064.4,2006.6,2006.4,2006.8,2006.8,954.8,2239.9,3521.9,3741.2,88.0,233.0,435.8,443.8,21.0,53.5,46.6,45.7,2886.8,2725.6,161.2,223007.2,210678.2,12329.0,227288.9,214723.3,12565.7
Kanda,421,315,29143.1,18525.6,2006.3,2005.9,2008.1,2008.6,1182.6,2110.9,2990.8,2755.2,123.0,183.7,345.3,356.0,28.0,59.7,42.0,80.8,2157.8,2063.4,94.4,166766.3,159554.2,7212.1,169968.2,162617.6,7350.6
Tobata,420,328,35979.2,67971.5,2005.9,2006.3,2010.1,2010.1,1039.6,1911.5,3066.9,3113.0,127.0,189.4,345.7,345.7,33.5,68.5,114.8,115.7,2132.8,1987.1,145.7,164771.5,153590.1,11181.5,167935.1,156539.0,11396.2
Izumi,418,346,16006.7,20638.6,2004.8,2004.9,2008.6,2008.9,384.7,983.0,1263.2,1217.9,28.0,90.0,409.8,404.8,21.0,62.7,100.3,124.1,1426.2,1059.6,366.6,110026.5,81860.9,28165.6,112139.0,83432.6,28706.4
Tsutsu,407,345,12671.4,19640.1,2003.4,2003.9,2009.3,2010.3,757.6,1528.8,2255.8,2501.5,66.0,135.5,393.6,426.2,29.0,64.5,180.2,171.2,1274.1,1001.9,272.2,98063.8,77193.9,20869.9,99946.6,78676.0,21270.6
Hiroshima,380,146,17063.1,7444.5,2004.2,2004.7,2006.7,2005.8,617.3,1801.1,2362.2,1839.0,48.0,129.5,276.4,266.1,15.0,56.3,27.1,31.6,1580.6,1422.5,158.1,113785.4,102283.9,11501.6,115970.1,104247.7,11722.4
Shimizu,377,171,13677.3,14528.5,2006.9,2006.5,2008.7,2008.8,965.1,2222.0,2132.4,1956.3,71.0,240.8,284.3,265.6,15.0,66.2,97.2,106.4,2006.7,1722.5,284.2,144455.4,124252.7,20202.7,147228.9,126638.3,20590.6
Sendai,352,172,52628.0,84367.6,2007.1,2006.4,2008.2,2008.6,1496.7,2863.8,4500.4,4751.3,147.0,243.0,380.4,394.1,24.5,53.8,45.5,44.6,4597.4,4359.6,237.7,345239.5,327422.1,17817.5,351868.1,333708.6,18159.5
Muroran,339,216,25196.8,44492.1,2008.5,2007.7,2011.1,2011.4,1322.2,2409.8,3236.0,3315.5,128.0,247.5,378.9,377.5,36.0,70.8,92.4,95.1,2010.6,1800.2,210.4,155185.6,139029.8,16155.9,158165.2,141699.1,16466.1
Toyamashin,336,124,7097.5,9190.2,1999.0,2002.3,2005.8,2006.6,528.8,1240.9,1843.8,1868.3,57.5,118.7,298.0,309.3,33.5,70.6,86.4,98.4,822.4,710.7,111.8,60455.2,52167.5,8287.7,61616.0,53169.1,8446.9
Kinuura,327,176,36136.6,59802.2,2007.2,2008.4,2011.3,2011.4,2612.5,3209.8,3831.1,3803.7,236.0,294.7,404.6,398.5,44.0,87.6,99.3,99.1,2626.3,2471.4,154.9,203044.5,191164.2,11880.2,206942.9,194834.6,12108.3
Amagasakinishinomiya,318,153,10001.9,11325.5,2002.9,2002.7,2005.2,2005.7,904.0,1166.9,932.5,939.8,73.0,100.1,110.7,120.7,19.0,39.0,25.2,26.9,1337.4,1200.3,137.1,103195.9,92714.3,10481.6,105177.2,94494.4,10682.9
Higashi-Harima,317,236,52240.1,79673.2,2008.3,2008.6,2010.5,2010.8,2934.1,2972.1,3696.8,3931.5,254.0,270.2,397.7,419.7,33.0,68.6,100.3,121.5,3029.6,2891.3,138.3,234376.0,223753.1,10622.9,238876.0,228049.2,10826.9
Niigata Ko,304,162,37098.1,34438.9,2003.5,2003.4,2003.5,2004.6,848.7,2432.5,3983.6,3835.8,92.0,222.6,508.3,524.1,25.0,84.2,95.2,102.3,3867.9,3538.8,329.1,255942.9,232380.6,23562.3,260857.0,236842.3,24014.7
Kitakyushu,299,130,7070.5,4534.6,2002.8,2001.3,2008.7,2006.3,292.4,1088.4,1220.3,1131.8,23.0,101.7,179.3,236.3,16.0,40.6,56.0,62.5,911.3,725.9,185.4,65117.2,51028.4,14088.8,66367.4,52008.2,14359.3
Funabashi,297,217,3328.9,3716.8,2002.8,2002.3,2005.0,2005.7,1207.0,1548.3,2241.8,1994.0,150.0,189.1,274.8,273.3,29.0,53.6,46.3,55.9,514.2,460.8,53.5,39305.7,35275.2,4030.6,40060.4,35952.4,4108.0
Matsuyama,281,121,3864.2,5623.1,2002.8,2005.1,2009.2,2008.8,531.4,1501.6,1606.8,1591.4,45.0,152.7,355.3,348.6,18.0,66.6,68.4,72.5,699.6,579.8,119.8,53682.9,44556.5,9126.4,54713.6,45412.0,9301.6
Naha,281,81,13201.1,5731.6,2005.9,2006.1,2006.5,2006.1,566.8,1135.1,802.3,1010.4,41.0,106.7,103.2,184.2,9.0,52.5,64.0,43.1,2049.8,1629.8,420.0,157050.9,124613.7,32437.2,160066.3,127006.3,33060.0
Shishimi,270,222,24592.6,30534.0,2008.8,2008.4,2011.7,2011.2,470.7,1407.0,1516.7,1732.1,41.0,115.8,357.3,427.2,22.0,91.1,215.6,219.4,2207.2,1473.3,734.0,163850.4,110963.2,52887.3,166996.3,113093.7,53902.7
Shibushi Wan,256,116,6296.0,9672.1,2009.7,2006.8,2010.6,2010.8,608.8,1817.4,1722.6,2127.0,64.5,192.3,374.3,417.1,12.0,58.8,76.5,85.6,705.1,649.1,56.0,54297.8,50039.5,4258.3,55340.3,51000.2,4340.1
Niihama,251,149,10187.8,17525.8,2009.4,2009.7,2010.1,2010.1,1474.4,2335.8,2947.0,3025.0,146.0,228.6,465.1,473.5,27.0,59.1,58.9,58.4,1203.6,1105.0,98.6,92791.0,85279.4,7511.6,94572.6,86916.8,7655.8
Mishima,249,71,17528.7,23774.5,2001.6,2005.1,2009.8,2009.7,497.0,2450.6,3532.1,3531.3,49.0,250.2,531.9,526.6,17.0,67.0,115.4,112.9,1315.6,1236.5,79.1,101747.4,95677.5,6069.9,103700.9,97514.5,6186.4
Mikawa,249,111,63854.8,23257.6,2003.2,2005.0,2002.8,2003.7,4885.9,3238.7,6044.9,5293.9,316.0,241.8,485.4,472.1,17.0,40.3,21.1,32.8,4048.6,3978.9,69.7,313029.1,307749.1,5280.0,319039.3,313657.9,5381.4
Sakai,247,62,5261.9,5937.9,2000.4,2004.7,2006.4,2007.5,327.5,1659.3,1635.9,2115.2,39.0,157.6,385.6,422.1,14.0,47.6,70.0,74.9,580.7,509.5,71.2,44760.9,39341.1,5419.8,45620.3,40096.5,5523.8
Kure,245,175,21477.4,36225.5,2007.3,2007.5,2010.5,2010.7,1194.8,2236.9,3061.5,3126.3,116.0,208.8,365.7,375.6,39.0,89.5,91.0,92.9,1448.8,1345.8,103.0,111930.8,104057.7,7873.1,114079.9,106055.6,8024.3
Wakayama,245,149,38311.3,73051.0,2008.0,2008.3,2011.6,2011.6,1982.3,3059.4,3481.5,3535.8,231.0,303.0,423.0,424.6,34.0,86.8,116.5,117.4,2078.4,1975.5,103.0,160775.2,152856.5,7918.8,163862.1,155791.3,8070.8
Hanasaki Ko,236,42,357.6,162.4,1984.9,1989.0,1990.5,1991.3,104.4,1672.2,1578.6,1299.9,8.0,299.6,1895.6,1736.2,21.5,106.7,152.5,148.7,121.9,90.5,31.5,9158.9,6795.7,2363.1,9334.7,6926.2,2408.5
Hitachinaka,232,157,40460.6,28115.9,2007.6,2008.4,2008.8,2010.4,3759.1,3866.0,4287.4,3866.9,261.0,311.3,378.1,392.0,22.0,50.4,56.5,117.5,2676.2,2566.8,109.4,206813.4,198427.9,8385.5,210784.2,202237.7,8546.5
Sasuna,229,202,17576.1,23431.6,2007.7,2007.5,2009.7,2010.5,611.2,1458.9,1516.7,1615.2,56.0,136.3,377.7,392.6,23.0,62.4,85.3,85.5,1560.0,1310.3,249.7,118908.9,99727.3,19181.6,121192.0,101642.1,19549.9
Onahama Ko,226,148,18099.0,31754.2,2010.2,2010.4,2011.6,2011.6,2119.8,2830.0,3328.0,3388.0,274.5,356.3,508.9,515.1,34.0,73.2,84.7,86.8,1598.4,1480.1,118.3,123393.9,114327.9,9066.1,125763.1,116523.0,9240.1
Fukushima (Nagasaki),213,103,13614.3,22841.9,2008.0,2007.4,2011.8,2011.7,590.0,2355.9,2757.0,2788.7,50.0,235.7,474.8,458.5,19.0,56.8,72.0,72.4,1101.7,1028.0,73.8,85151.4,79512.4,5639.0,86786.3,81039.0,5747.2
Hitakatsu,206,30,1111.1,834.9,1994.8,2002.1,2006.0,2005.7,463.3,1519.3,2141.9,1580.9,24.0,139.1,543.4,447.0,8.0,19.1,21.9,35.6,228.9,200.9,28.0,17394.0,15283.1,2111.0,17728.0,15576.5,2151.5
Shimotsu,206,110,17130.9,31635.2,2009.2,2008.4,2009.3,2009.3,980.1,2270.1,3518.6,3637.1,95.5,196.6,376.3,377.9,22.5,51.4,57.2,56.4,1573.8,1394.2,179.6,121603.9,107786.9,13817.0,123938.7,109856.4,14082.3
Himeji,198,133,58460.3,44851.3,2004.9,2004.4,2008.9,2009.2,1467.8,3199.4,5415.6,5370.7,151.5,260.1,658.7,679.4,25.0,71.6,131.4,138.8,5599.4,5025.1,574.2,349711.2,311259.9,38451.4,356425.7,317236.1,39189.6
Akita-Funakawa Ko,197,102,4153.3,5710.1,2007.2,2007.2,2009.3,2009.8,653.2,1331.0,1550.5,1619.1,65.0,145.0,354.5,373.7,20.0,56.8,68.2,68.6,494.3,443.4,50.9,38053.7,34173.9,3879.8,38784.3,34830.0,3954.3
Nakanoseki,197,114,24083.9,8327.7,2004.7,2007.4,2008.5,2008.0,837.7,3110.0,3774.1,3117.3,70.0,207.0,369.1,361.2,20.0,31.8,24.6,25.7,1587.9,1525.8,62.1,122822.7,118096.8,4725.9,125180.9,120364.3,4816.7
Saganoseki,191,166,7570.4,12421.8,2008.8,2009.3,2011.7,2011.6,1209.2,1913.1,2474.9,2527.5,115.0,176.4,437.4,444.4,39.0,66.8,94.8,95.6,931.2,822.6,108.6,71878.2,63544.2,8334.0,73258.3,64764.3,8494.0
Toyohashi,189,78,5694.0,2820.0,2002.9,2004.6,2007.0,2005.4,857.3,2063.2,2278.5,1713.2,65.0,166.2,306.2,289.9,15.0,36.3,29.5,32.9,571.4,533.8,37.6,44068.8,41201.4,2867.4,44914.9,41992.5,2922.4
Otaru,184,49,560.3,625.2,1987.2,1990.9,2003.8,2006.3,391.3,1276.1,1170.3,1676.7,50.5,164.0,273.7,352.0,23.0,112.1,126.0,156.6,214.4,157.0,57.4,16258.2,11928.5,4329.7,16570.4,12157.5,4412.9
Sakaide,183,139,18161.8,28969.7,2005.3,2006.9,2011.0,2011.3,1680.1,2657.7,3818.3,3760.6,179.0,259.3,447.6,448.5,29.0,66.8,73.7,77.9,1498.9,1401.8,97.1,109564.7,102458.2,7106.5,111668.3,104425.4,7242.9
Kokura,171,136,18733.3,24052.7,2005.8,2006.7,2007.4,2008.9,1243.7,2102.5,3025.9,3083.8,137.0,197.7,335.2,354.9,37.0,67.6,126.1,124.3,1473.9,1278.8,195.2,101806.9,88330.9,13476.0,103761.6,90026.9,13734.7
Nemuro Ko,167,29,28.4,27.4,1984.1,1987.0,1989.6,1987.6,82.1,406.6,396.8,507.1,15.0,50.1,281.4,281.0,16.0,44.3,71.5,79.6,41.7,24.6,17.1,3145.8,1860.6,1285.2,3206.2,1896.4,1309.8
Ikitsuki,167,120,5244.9,8878.8,2002.6,2004.0,2009.9,2010.3,673.8,1658.5,2686.0,3226.4,54.0,160.6,433.5,458.1,23.0,81.4,270.9,292.9,531.6,417.3,114.3,40960.3,32200.2,8760.0,41746.7,32818.5,8928.2
Kakogawa,161,118,4505.6,6979.7,2005.5,2005.1,2010.9,2011.1,1075.0,2334.4,3704.0,3990.1,172.0,250.1,696.4,725.5,27.0,37.1,43.0,43.4,561.7,537.7,24.1,43192.6,41371.7,1820.9,44021.9,42166.0,1855.8
Kunehama,158,139,3634.1,4743.9,2003.9,2004.9,2010.3,2010.2,687.4,1282.9,985.4,998.1,60.5,106.7,187.2,224.6,26.5,80.5,268.9,163.7,459.4,275.7,183.6,34310.3,20691.5,13618.8,34969.1,21088.8,13880.3
Maizuru,158,69,6905.1,10810.9,2003.6,2002.3,2011.5,2011.6,842.0,1494.9,2013.1,2388.4,60.5,169.7,312.9,349.2,25.0,62.5,60.6,65.2,694.4,617.1,77.3,53614.9,47692.6,5922.3,54644.3,48608.3,6036.0
Kanazawa,156,38,1998.6,1264.0,2000.4,2002.7,2003.4,2003.9,637.1,1323.6,983.5,1117.2,36.0,108.7,223.5,271.9,10.0,35.4,14.8,20.1,397.9,341.1,56.8,30727.3,26369.2,4358.1,31317.2,26875.5,4441.8
Oura,155,126,8678.6,11406.9,2005.1,2005.6,2009.0,2007.5,202.5,1095.3,1474.1,1527.0,29.0,103.5,407.4,384.1,20.0,43.8,61.8,71.7,809.1,703.4,105.7,59212.5,51116.8,8095.7,60349.4,52098.2,8251.2
Nagasaki,155,77,9308.2,7341.1,2004.2,2004.5,2011.4,2010.9,496.1,1433.5,1021.0,2403.4,38.0,132.9,211.8,398.8,13.0,59.5,64.0,96.3,1064.5,842.1,222.4,81558.2,64371.9,17186.3,83124.2,65607.9,17516.3
Kikuma,154,82,8029.6,14729.4,2007.5,2007.7,2007.4,2007.4,696.4,1450.5,2434.8,2503.5,65.5,202.8,336.7,335.3,23.0,92.7,74.1,73.4,740.9,623.1,117.7,57153.8,48131.7,9022.1,58251.2,49055.9,9195.3
Otake,154,68,3787.1,6509.5,2004.4,2006.7,2010.5,2010.7,578.3,1648.0,2207.9,2272.3,48.5,146.1,320.2,323.0,20.0,46.6,82.8,82.8,490.4,379.0,111.4,37848.7,29287.1,8561.6,38575.4,29849.4,8726.0
Hachinohe Ko,151,105,13139.4,19005.6,2009.6,2009.7,2009.0,2009.5,2061.1,2312.9,3409.9,3219.8,195.0,279.3,498.8,508.3,50.0,79.4,117.9,121.0,1244.3,1177.0,67.2,93299.3,88164.0,5135.3,95090.6,89856.7,5233.9
Tsuruga,142,49,6297.8,10662.3,2005.4,2004.9,2008.0,2008.5,484.3,1841.3,2344.1,2512.6,41.5,197.0,413.0,426.9,17.0,49.3,63.0,62.8,520.9,479.7,41.2,40246.9,37096.5,3150.4,41019.7,37808.8,3210.9
Tobishima,136,51,4095.4,7173.9,2003.4,2005.0,2006.4,2006.4,609.3,1707.4,2160.7,2292.6,56.5,179.8,407.7,418.0,17.0,41.6,64.2,64.6,390.3,363.6,26.7,30124.5,28088.4,2036.0,30702.9,28627.7,2075.1
Ishikari,125,77,7319.3,6908.6,2007.0,2005.4,2006.7,2007.3,976.0,2028.8,3295.1,3107.0,82.0,179.1,372.9,381.2,21.0,63.6,71.2,82.7,769.1,713.8,55.3,52922.8,48698.0,4224.8,53938.9,49633.0,4305.9
Iwakuni,125,63,5554.4,7068.1,2004.8,2005.8,2007.3,2007.4,660.5,1463.9,2819.3,2820.2,48.0,122.8,405.8,399.1,29.0,41.5,92.8,92.9,428.0,375.6,52.4,33052.1,29048.0,4004.1,33686.7,29605.7,4081.0
Kochi Ko,117,88,5153.1,7308.4,2006.8,2008.0,2010.6,2010.6,1119.6,1951.9,1995.5,2413.0,98.0,207.0,565.6,573.9,49.0,90.1,117.3,129.2,530.4,465.5,64.9,40974.6,35985.1,4989.5,41761.3,36676.0,5085.3
Ishigaki,113,38,2588.1,2300.6,2005.8,2000.4,2007.2,2008.8,160.1,1067.7,563.7,1331.6,15.0,103.5,324.3,639.5,8.0,84.7,93.8,117.2,378.8,207.3,171.6,29275.9,16003.0,13272.9,29838.0,16310.3,13527.7
Ishinomaki,113,81,5413.5,8139.1,2003.7,2004.2,2009.6,2010.4,1358.5,2217.1,3073.3,3155.9,163.0,240.4,400.7,396.9,46.0,73.6,79.4,79.4,448.9,405.7,43.2,34565.8,31288.0,3277.9,35229.5,31888.7,3340.8
Tobo,113,91,213.2,279.2,2000.8,2001.1,2003.6,2004.6,375.6,504.6,405.8,402.5,44.0,61.7,98.5,102.2,20.0,31.6,39.6,40.3,62.1,51.2,10.9,4719.7,3895.5,824.2,4810.3,3970.3,840.1
Onoda,112,89,372.1,561.0,2001.8,2001.4,2005.8,2006.2,626.2,851.7,845.0,862.1,69.0,97.1,125.2,123.2,28.0,55.7,85.4,90.2,82.9,62.3,20.6,6325.0,4762.9,1562.1,6446.5,4854.4,1592.1
Osaki,110,97,4877.8,5775.8,2008.0,2008.3,2013.3,2013.5,345.2,1094.4,967.3,1095.4,32.0,98.8,272.0,322.4,21.5,93.5,188.4,185.8,507.9,250.4,257.5,37826.1,18806.2,19019.9,38552.4,19167.3,19385.1
Kiire,108,86,21239.5,37264.6,2006.5,2006.5,2009.3,2009.3,1501.2,2484.2,2852.0,3284.0,139.5,217.5,322.5,338.6,20.5,52.9,35.0,32.6,1407.6,1235.0,172.6,108348.2,95016.7,13331.5,110428.5,96841.0,13587.4
Naoetsu Ko,106,81,19052.6,15097.6,2005.5,2005.1,2008.1,2008.6,1301.7,2848.9,4531.0,4320.0,145.0,223.0,378.9,391.7,23.0,61.8,117.1,105.2,2005.2,1777.3,228.0,126457.6,111723.4,14734.2,128885.6,113868.5,15017.1
Izuhara,106,86,1584.2,2304.5,2002.7,2001.7,1997.9,1998.0,476.3,1440.6,2018.6,2213.5,38.5,148.2,972.1,1093.6,17.5,70.1,68.3,73.1,262.9,229.8,33.1,20143.3,17649.9,2493.5,20530.1,17988.7,2541.3
Komoda,104,96,4310.8,5616.2,2006.3,2006.5,2010.3,2010.6,459.1,1121.3,1027.7,1195.8,41.0,95.1,245.6,254.5,23.5,83.4,91.7,114.2,466.9,316.8,150.1,35758.5,24245.7,11512.8,36445.1,24711.2,11733.8
Kushiro,103,88,6142.0,9828.9,2006.6,2007.4,2010.2,2010.8,1255.1,2477.4,2805.6,3287.5,138.0,273.3,468.3,490.8,43.0,96.2,138.3,148.6,616.2,565.5,50.6,47476.6,43638.3,3838.3,48388.2,44476.2,3912.0
Tokuyama,103,54,1108.9,1842.6,2007.5,2007.6,2014.5,2014.7,528.1,898.1,1468.6,1608.6,49.0,97.8,355.3,376.6,17.0,42.6,70.5,67.0,139.1,103.9,35.1,10675.2,8003.2,2672.0,10880.2,8156.8,2723.3
Namikata,100,93,4123.7,5971.8,2005.2,2005.5,2010.1,2010.0,911.8,1776.8,3239.0,3195.0,104.0,163.2,506.7,508.6,21.0,51.4,86.1,88.9,463.1,413.5,49.6,35724.3,31938.3,3786.0,36410.2,32551.5,3858.7
Nanao,99,70,6642.8,10698.1,2002.3,2003.6,2010.6,2010.4,898.2,2154.8,3356.0,3278.8,149.0,230.9,536.0,501.0,34.0,55.3,57.4,55.6,553.8,519.2,34.5,42792.8,40147.5,2645.4,43614.5,40918.3,2696.1
Fushikitoyama,96,38,442.8,465.6,1992.1,1997.0,1996.8,2000.4,562.0,1169.9,1001.2,1118.4,66.0,133.1,214.1,253.8,46.0,62.5,70.7,64.7,137.2,97.5,39.6,10434.8,7445.5,2989.3,10635.2,7588.5,3046.7
Tachibana,94,70,15147.5,28127.2,2008.1,2008.5,2008.4,2008.4,3596.7,3107.6,3574.3,3624.6,284.5,289.6,406.4,406.7,50.0,125.5,178.4,181.0,985.1,870.0,115.1,76232.8,67336.5,8896.3,77696.5,68629.4,9067.1
Hamada,93,34,4332.5,7677.3,2001.8,2003.6,2009.7,2009.8,288.4,1686.5,2622.3,2889.8,31.0,192.1,465.2,467.6,19.0,49.3,61.5,61.6,322.4,295.1,27.3,24877.5,22794.1,2083.4,25355.2,23231.8,2123.4
Wakamatsu/Kitakyushu,93,74,1408.5,1987.5,2003.1,2004.0,2013.2,2013.2,614.6,1238.8,2274.1,2260.4,61.0,120.3,377.2,372.5,22.0,49.5,122.0,111.4,203.9,181.3,22.7,15642.1,13932.0,1710.2,15942.5,14199.5,1743.0
Yatsushiro Ko,89,47,3109.7,3211.6,2003.6,2006.9,2012.1,2011.4,324.7,1242.9,1205.3,1996.9,33.0,123.8,226.0,332.8,13.0,49.6,63.1,76.0,288.0,226.6,61.4,22251.4,17514.6,4736.8,22678.6,17850.8,4827.8
Tamano,89,80,3545.2,6283.0,2007.4,2007.9,2010.7,2010.6,996.2,1907.5,2234.4,2285.4,125.0,200.5,401.9,403.0,41.0,60.4,81.2,81.7,397.1,356.6,40.5,30603.4,27512.3,3091.0,31191.0,28040.6,3150.4
Saiki Ko,88,65,2866.0,4703.0,2002.8,2004.7,2008.0,2008.3,706.7,1952.2,2779.4,2976.4,77.5,232.5,508.2,523.3,22.0,90.4,119.9,126.2,314.0,289.7,24.3,24203.1,22356.6,1846.5,24667.8,22785.8,1881.9
Hososhima,85,47,2447.8,3673.6,2003.1,2005.4,2013.1,2013.6,678.8,1218.6,2400.5,2766.5,64.0,119.9,584.9,622.2,17.0,53.1,121.1,128.7,259.7,241.2,18.6,20051.8,18631.0,1420.8,20436.8,18988.8,1448.0
Aokata,85,80,7730.1,12925.2,2006.3,2006.2,2010.4,2010.7,1157.9,2296.9,2442.3,2804.5,113.0,200.0,431.2,448.6,44.0,78.7,121.1,126.4,716.2,629.0,87.2,55371.1,48646.1,6725.1,56434.3,49580.1,6854.2
Itoigawa,83,22,739.1,1215.9,2006.2,2006.0,2007.1,2006.9,1312.8,1065.6,990.1,996.8,111.0,122.3,126.0,126.3,47.0,68.8,67.8,67.1,153.6,135.9,17.7,11826.7,10487.7,1339.0,12053.8,10689.1,1364.7
Nakatsu,80,77,366.8,534.0,2005.1,2005.4,2007.0,2007.5,759.8,934.3,806.8,820.1,71.0,89.0,118.5,121.4,26.0,43.1,44.0,45.1,88.0,74.1,13.9,6736.5,5682.0,1054.5,6865.9,5791.1,1074.8
Yokosuka,76,52,10164.3,8494.6,1997.2,2004.8,2006.8,2008.3,1401.1,3346.8,4393.5,3510.2,181.5,298.5,449.9,374.4,13.0,40.5,25.4,32.4,761.3,728.5,32.8,58690.0,56194.4,2495.6,59816.8,57273.3,2543.6
Hakodate,73,61,3457.3,5362.1,2007.2,2006.5,2009.8,2010.1,2036.3,2134.4,2152.2,2585.7,231.0,223.8,322.6,343.9,69.0,93.7,90.5,95.0,363.0,329.5,33.6,27964.5,25394.5,2569.9,28501.4,25882.1,2619.3
Kagoshima,73,41,4035.2,1712.5,2008.6,2007.6,2009.2,2009.6,520.7,1071.3,929.4,1621.8,40.0,98.6,144.2,275.0,13.0,65.1,50.6,66.5,532.3,398.2,134.1,39992.3,29617.8,10374.5,40760.2,30186.4,10573.7
Hirahata,71,56,7805.6,14299.9,2006.0,2006.6,2009.6,2009.9,2575.3,2539.4,3740.9,3779.3,197.0,237.9,358.2,356.4,43.0,72.2,80.5,80.3,532.5,501.6,30.9,41164.4,38797.9,2366.5,41954.8,39542.8,2411.9
Sasebo,70,27,3259.7,2786.0,2002.6,2005.6,2006.5,2012.3,482.1,1569.6,931.7,2135.4,39.0,152.3,203.5,375.8,11.0,54.0,46.5,52.9,462.0,344.7,117.3,35732.7,26661.5,9071.2,36418.8,27173.4,9245.4
Seto,70,56,4315.9,7007.5,2003.1,2004.8,2009.8,2010.5,1129.0,2074.2,3118.4,3377.6,103.5,195.7,397.0,410.3,23.0,65.9,104.9,106.1,391.4,325.4,66.0,30225.8,25142.0,5083.8,30806.1,25624.7,5181.4
Shigei,65,52,2179.4,2962.8,2007.4,2007.1,2013.0,2011.8,929.4,1556.0,1657.6,1896.4,124.0,216.5,271.6,297.6,17.0,109.4,107.8,110.6,279.3,233.6,45.7,21336.5,17892.9,3443.6,21746.2,18236.4,3509.7
Aomori Ko,65,57,468.2,395.3,2001.3,2001.1,2003.2,2002.7,884.7,1143.7,768.9,1084.0,88.0,130.9,128.7,183.8,21.0,72.5,67.9,79.1,138.4,104.9,33.5,10555.7,8025.3,2530.4,10758.4,8179.4,2579.0
Omaezaki Ko,64,57,8185.3,3301.4,2006.1,2006.1,2006.8,2006.8,2766.8,2619.2,3262.1,2772.8,170.0,190.0,283.8,258.3,12.0,33.6,14.4,25.6,550.1,530.7,19.5,42566.6,41071.7,1494.9,43383.9,41860.3,1523.6
Tsukumi,61,40,2885.7,4920.5,2010.6,2010.6,2010.5,2010.5,2355.7,2559.2,2518.9,2573.8,164.0,232.2,314.0,319.0,106.0,118.1,140.5,142.0,283.7,254.8,28.9,21933.7,19717.0,2216.7,22354.8,20095.6,2259.3
Kainan,60,46,1826.5,2883.2,2003.9,2004.2,2008.0,2008.0,1179.4,2080.6,3959.5,4067.5,116.5,188.7,563.7,571.5,31.5,47.0,56.0,56.3,272.3,249.8,22.5,20976.7,19270.1,1706.6,21379.4,19640.1,1739.4
Saijo,60,24,2350.4,1943.4,2007.8,2008.9,2017.8,2017.8,824.5,1225.6,2012.6,1743.8,100.0,111.9,312.2,287.8,22.5,32.5,28.1,27.4,162.8,155.4,7.4,11239.3,10667.5,571.7,11455.1,10872.3,582.7
Shiogama,59,40,330.7,409.3,1995.4,1996.6,1996.6,1996.9,1438.0,2255.8,1899.2,1859.6,163.0,243.0,268.6,239.3,48.0,94.2,226.8,224.6,189.4,126.3,63.1,14340.4,9595.6,4744.8,14615.8,9779.9,4835.9
Noshiro Ko,59,40,4866.7,8880.6,2006.9,2007.6,2010.0,2010.0,1134.3,1850.7,2723.2,2748.5,128.0,183.1,370.8,371.8,45.0,65.2,71.6,71.4,317.5,294.7,22.9,24560.1,22801.3,1758.8,25031.7,23239.1,1792.6
Tsuneishi,59,55,5613.1,9350.5,2010.2,2010.6,2011.7,2012.0,2628.4,2658.0,3327.1,3463.4,309.0,262.7,405.8,406.9,45.0,76.7,76.9,75.3,401.0,380.5,20.6,30981.8,29410.4,1571.4,31576.6,29975.1,1601.6
Taniyama,59,47,4119.8,5066.3,2004.3,2005.5,2007.3,2007.8,1297.4,3082.7,2678.2,2790.7,124.0,279.3,381.4,380.6,26.0,111.3,54.2,60.4,452.1,406.7,45.4,34845.1,31376.1,3469.0,35514.1,31978.5,3535.6
Shikama,57,50,1048.6,1688.1,2005.8,2005.5,2011.8,2012.1,1160.7,1647.6,2611.3,2690.3,138.0,174.3,400.9,403.2,26.0,40.4,41.5,41.8,140.9,131.8,9.1,10831.6,10144.8,686.8,11039.6,10339.6,700.0
Saga,56,46,2140.4,3461.6,2005.5,2007.0,2007.2,2007.5,1502.0,2276.0,2228.2,2306.3,162.0,254.5,413.1,410.2,53.5,71.5,137.8,145.7,234.9,219.6,15.3,18085.9,16917.9,1168.0,18433.2,17242.8,1190.4
Yawata/Kitakyushu,55,40,345.6,379.5,2000.5,1999.6,2004.9,2004.5,723.3,891.5,1608.9,1465.7,79.0,90.2,146.5,143.2,28.0,38.7,78.7,76.6,86.7,68.1,18.6,6647.1,5239.2,1407.9,6774.7,5339.7,1435.0
Yoshiumi,55,50,4810.4,8919.2,2008.5,2008.4,2011.9,2011.8,1033.7,2243.2,3119.7,3177.6,188.0,209.0,378.0,377.8,36.0,106.7,232.5,235.9,355.6,292.0,63.6,27499.2,22585.3,4913.8,28027.2,23019.0,5008.2
Tagonoura,54,42,1919.5,3362.8,2004.6,2004.5,2010.9,2011.0,1328.0,2242.8,3397.3,3480.2,180.0,230.8,374.2,376.8,39.5,67.7,87.0,87.6,190.5,167.4,23.1,14654.0,12903.0,1751.0,14935.3,13150.7,1784.6
Hitachi,53,45,8461.1,5848.7,2004.9,2004.8,2003.4,2003.9,3153.4,2835.1,4094.6,4341.7,255.0,258.7,388.3,450.6,26.0,83.5,77.7,108.9,740.3,639.4,100.8,50312.0,43801.6,6510.4,51278.0,44642.6,6635.4
Oniki,52,35,3263.3,5539.5,2001.8,2004.7,2011.2,2011.5,437.3,2139.7,3508.0,4375.1,43.5,219.1,541.0,562.5,21.0,74.6,92.0,92.7,214.1,201.2,12.9,16531.4,15550.9,980.5,16848.8,15849.5,999.3
Nagasu,50,31,1516.2,2822.2,2007.4,2008.7,2016.5,2016.8,465.9,996.8,1578.2,1651.7,45.5,108.0,220.0,222.2,21.5,48.6,32.2,30.5,140.8,118.3,22.5,10854.7,9141.7,1713.0,11063.1,9317.2,1745.9
Hirara Ko,50,19,4495.4,4471.2,2000.3,2000.9,2005.1,2004.8,568.9,1460.1,1264.3,3751.9,31.5,109.2,221.9,397.3,8.0,73.6,86.3,95.4,566.4,397.7,168.8,43867.1,30793.8,13073.3,44709.4,31385.1,13324.3
Takamatsu,49,15,3976.6,7364.0,2006.2,2007.3,2007.2,2007.0,581.2,3295.9,4036.9,4482.7,55.0,358.3,451.5,445.7,16.0,58.0,34.9,33.2,328.7,310.3,18.5,25309.1,23912.7,1396.4,25795.0,24371.9,1423.2
Hakodate Ko,47,44,544.6,742.5,2003.3,2003.7,2007.8,2008.6,1173.8,1585.2,1473.2,1402.7,112.0,192.2,314.7,278.3,35.0,92.8,89.5,66.4,91.5,72.8,18.7,6955.3,5547.6,1407.7,7088.9,5654.1,1434.8
Hatoma,47,25,5872.6,5833.7,1999.6,2004.4,2003.8,2004.9,900.3,4055.6,2433.3,3376.9,22.0,319.1,1934.1,2252.9,38.0,112.7,60.0,71.0,745.2,634.8,110.4,55020.3,46513.6,8506.7,56076.7,47406.7,8670.0
Imabari,46,16,206.0,346.7,1997.8,2001.0,2006.5,2007.3,260.3,755.6,618.2,640.6,22.5,110.8,204.4,218.2,12.0,42.1,43.4,43.7,41.4,33.3,8.1,3174.3,2560.9,613.4,3235.3,2610.1,625.2
Hakatashima,45,42,935.9,1614.2,2006.9,2007.0,2008.0,2007.7,1068.4,1586.9,1833.0,1930.5,116.0,171.0,250.9,253.2,28.0,56.7,38.3,38.3,137.8,121.7,16.1,10534.0,9316.6,1217.4,10736.3,9495.5,1240.8
Atsumi,44,41,645.4,349.5,1999.6,1999.3,1995.7,2000.7,1002.4,1267.6,2795.3,1625.2,104.5,128.5,287.0,229.1,26.0,42.8,30.5,59.4,77.6,70.1,7.5,5954.5,5388.0,566.5,6068.8,5491.5,577.3
Kanokawa Ko,43,40,3441.1,6072.7,2009.2,2009.4,2009.2,2009.1,1396.6,2385.9,3117.0,3150.6,133.0,252.6,450.0,451.1,28.0,51.9,68.4,69.4,373.9,330.6,43.3,28911.3,25582.9,3328.3,29466.4,26074.1,3392.2
Takasago,43,19,151.1,184.7,2001.5,2002.6,2001.0,2000.7,837.7,787.3,1293.6,1285.2,81.0,83.0,171.5,169.3,20.0,21.9,51.7,54.7,75.1,60.8,14.3,5750.9,4669.9,1081.0,5861.3,4759.6,1101.7
Naoshima,43,38,2542.0,4054.2,2008.3,2008.5,2009.4,2009.7,2629.7,2418.8,3343.7,3346.4,223.0,214.0,361.1,371.9,31.0,36.4,46.8,51.1,282.3,262.2,20.1,21779.9,20244.7,1535.2,22198.0,20633.4,1564.7
Oshima Nagasaki,42,37,2118.8,3269.6,2009.6,2010.8,2014.6,2016.3,765.7,1646.6,1954.1,1996.0,70.0,281.9,577.3,654.6,24.0,57.0,63.4,56.9,203.3,154.7,48.6,15710.1,11952.1,3758.0,16011.7,12181.6,3830.1
Kamoise,41,40,814.9,1320.0,2004.4,2004.6,2009.3,2009.4,530.4,1001.9,1698.1,1844.9,68.0,101.5,307.6,323.4,21.0,46.1,33.2,32.8,110.0,96.7,13.3,8468.5,7460.6,1008.0,8631.1,7603.8,1027.3
Soma,41,35,5175.9,8238.4,2010.0,2010.1,2009.8,2010.6,3132.9,2608.4,2916.5,3008.7,206.0,235.6,336.2,356.8,35.0,79.6,73.3,75.5,417.3,382.1,35.2,30083.7,27634.2,2449.5,30661.3,28164.8,2496.5
Kin,41,40,1452.8,2358.6,2005.0,2005.7,2009.8,2009.9,646.9,1327.4,1193.6,1326.7,98.0,129.1,262.1,267.7,24.0,47.9,116.2,129.3,151.4,122.7,28.7,11692.9,9476.7,2216.2,11917.4,9658.6,2258.8
Tadotsu,40,17,2055.5,3469.4,2008.4,2010.2,2016.8,2016.8,884.4,2020.1,2244.8,2668.5,119.5,217.0,224.0,239.7,15.5,66.5,144.0,164.3,129.4,121.9,7.5,9950.6,9374.0,576.7,10141.7,9553.9,587.7
Asahimachi,40,37,1386.1,2233.3,2007.2,2008.2,2011.4,2012.0,1622.1,2137.9,2641.3,2814.4,144.0,198.0,344.3,365.8,22.0,53.2,69.3,71.8,165.1,152.2,12.9,12686.7,11712.7,974.0,12930.3,11937.6,992.7
Uno,39,37,2400.9,4040.0,2009.8,2009.8,2010.6,2010.6,1013.2,2410.0,2764.5,2890.9,237.0,241.4,519.9,532.9,47.0,59.2,74.8,75.7,227.7,215.7,12.0,17590.2,16677.5,912.7,17927.9,16997.7,930.2
Kudamatsu,38,13,7458.7,10731.3,2003.1,2006.2,2001.0,2001.0,4278.1,1589.6,3968.2,3969.8,314.0,138.2,344.9,345.0,22.5,33.5,32.6,32.6,436.6,427.5,9.1,33807.1,33104.4,702.6,34456.2,33740.0,716.1
Yanai,37,27,10469.4,7434.6,2000.6,2000.2,2000.5,2001.1,3562.7,2888.3,4385.1,4321.1,275.0,250.8,384.9,390.6,22.0,42.3,54.4,54.2,989.8,925.7,64.2,61274.3,56862.6,4411.7,62450.8,57954.4,4496.4
Komatsushima,35,31,2659.7,3265.8,2004.5,2004.0,2007.0,2007.0,1412.3,2203.3,2904.7,2909.7,140.0,180.3,316.1,317.8,21.0,43.2,58.3,59.1,205.1,196.2,9.0,15869.5,15178.5,691.1,16174.2,15469.9,704.4
Nakagusuku,35,26,3205.3,3239.3,2004.6,2003.8,2005.7,2007.2,1188.9,2325.1,3355.9,3539.2,158.0,240.5,419.2,457.9,24.0,43.9,23.9,24.2,331.9,312.9,19.0,23266.0,21802.2,1463.7,23712.7,22220.8,1491.8
Onomichiitozaki,34,28,344.6,552.7,2002.9,2001.5,2010.0,2010.8,922.6,1904.4,2544.7,2558.9,122.0,183.8,290.7,284.5,24.0,173.6,213.8,213.5,103.1,68.9,34.2,7833.7,5265.6,2568.0,7984.1,5366.7,2617.3
Haramachi,34,17,5582.0,10101.6,2010.6,2009.1,2011.9,2011.9,4061.1,3210.9,3521.3,3524.5,362.5,338.5,417.1,417.5,27.5,69.9,54.8,54.8,353.1,335.6,17.4,27323.8,25984.3,1339.5,27848.4,26483.2,1365.2
Aioi,34,15,325.5,519.8,2011.0,2006.1,2010.8,2010.8,788.5,1351.3,1080.1,1063.0,118.5,156.5,219.9,212.0,28.5,62.1,50.4,52.3,57.8,53.6,4.2,4439.0,4123.3,315.7,4524.2,4202.4,321.8
Uchiura,33,16,554.3,852.0,1995.2,2000.1,2006.1,2007.4,540.3,1179.5,1489.1,1909.6,71.0,138.4,325.7,361.3,32.0,58.4,37.5,39.4,60.0,53.0,7.0,4581.4,4055.4,526.0,4669.4,4133.2,536.1
Nishinoomote,33,31,1311.8,2032.5,2007.5,2007.7,2007.5,2007.1,1075.3,2032.1,2087.1,2145.5,113.0,206.5,293.8,306.6,27.0,67.3,64.6,68.5,150.8,123.5,27.3,11585.7,9504.4,2081.3,11808.2,9686.9,2121.3
Fukui,33,24,123.1,180.0,2004.4,2003.2,2006.9,2007.6,460.2,705.6,676.7,673.9,51.0,82.6,150.0,152.6,58.0,71.6,138.7,136.2,31.7,21.4,10.3,2416.1,1640.5,775.6,2462.5,1672.0,790.5
Kamaishi Ko,32,31,2019.3,3709.6,2004.1,2004.2,2012.6,2012.9,1416.6,2107.4,3736.3,4029.5,146.5,259.5,400.0,400.0,38.5,71.8,79.7,80.2,154.3,146.9,7.5,11888.1,11322.1,566.0,12116.4,11539.5,576.9
Hikari,30,26,369.0,553.7,2002.3,2004.5,2010.5,2010.6,466.3,1086.8,1613.4,1633.6,46.5,118.6,300.5,302.0,14.0,28.9,25.3,25.2,50.9,47.2,3.6,3907.6,3633.8,273.9,3982.7,3703.5,279.1
Karatsu,30,23,1388.4,1599.1,2005.1,2005.0,2011.6,2011.8,652.0,1820.7,3179.0,3205.2,68.5,144.3,598.5,593.0,44.0,87.3,225.6,224.4,154.0,132.2,21.7,11884.3,10219.6,1664.7,12112.5,10415.9,1696.6
Gamagori,29,27,6687.7,2281.8,2008.7,2008.7,2010.1,2010.2,3023.6,3959.3,4414.7,4215.4,267.0,337.0,396.4,391.4,12.0,19.7,16.7,17.7,398.8,394.6,4.2,30850.6,30530.1,320.5,31443.0,31116.3,326.7
Misumi Ko,28,15,26.0,35.6,2001.5,2002.8,2002.1,2001.8,257.4,363.9,333.3,329.9,23.0,51.6,52.4,55.6,12.0,26.2,34.0,31.9,12.9,9.7,3.2,980.7,736.9,243.8,999.5,751.0,248.5
Shiriyamazaki,28,28,3473.5,4399.0,2005.9,2005.9,2013.0,2012.5,1998.5,3375.2,4739.7,4234.4,221.0,372.5,500.3,513.0,47.0,170.3,71.9,73.5,345.2,323.2,22.0,25432.7,23758.8,1673.9,25921.0,24215.0,1706.1
Mitajiri,28,19,47.0,60.5,2002.3,2001.4,2002.6,2002.9,615.0,793.8,728.2,707.3,47.0,82.2,104.3,98.9,25.0,122.9,79.2,85.2,21.4,15.7,5.7,1632.8,1196.5,436.3,1664.1,1219.4,444.7
Habu,28,27,713.5,1230.3,2005.8,2006.1,2014.0,2014.6,832.3,1311.2,1394.4,1389.5,91.0,146.2,368.7,376.2,32.5,45.5,48.9,48.3,73.9,64.7,9.2,5670.9,4972.9,698.0,5779.8,5068.4,711.4
Hannan Ko,27,21,475.7,759.8,2009.3,2007.5,2013.1,2013.3,1218.4,1598.1,1812.1,1847.9,140.0,165.7,240.3,241.3,31.0,71.2,58.0,58.4,78.7,70.1,8.6,6051.4,5402.4,648.9,6167.5,5506.2,661.4
Rumoi Ko,27,21,404.4,577.8,2008.9,2008.2,2010.5,2010.7,547.3,1950.4,1430.0,1314.0,69.0,173.5,761.3,673.3,31.0,42.2,38.4,42.1,74.8,70.6,4.2,5734.6,5417.3,317.3,5844.7,5521.3,323.4
Choshi,27,25,2359.8,4191.3,2005.6,2006.0,2009.0,2009.0,1336.4,2374.8,3653.4,3915.2,124.0,225.0,401.3,403.4,23.0,70.7,37.0,36.1,174.8,160.9,13.9,13497.8,12436.9,1060.9,13757.0,12675.7,1081.2
Satsumasendai,27,20,1327.2,1663.6,2003.4,2004.7,2006.2,2006.5,510.0,1827.6,2420.3,3054.3,52.0,162.8,375.6,415.4,25.0,48.0,73.8,78.0,132.7,125.9,6.8,10263.4,9737.5,525.8,10460.4,9924.5,535.9
Matsusaka,24,22,2481.7,4099.0,2008.5,2009.1,2017.0,2017.1,2044.7,2265.8,3319.3,3353.5,168.0,217.3,469.9,479.8,19.5,25.6,33.6,38.6,185.8,175.8,10.0,13922.4,13153.3,769.1,14189.7,13405.8,783.9
Kusubo,24,24,317.3,314.2,2007.2,2007.2,2005.4,2007.8,356.5,561.5,742.9,632.2,35.0,63.8,96.1,90.8,20.5,32.8,25.0,32.5,34.6,30.0,4.7,2669.9,2313.4,356.5,2721.2,2357.9,363.3
Yaizu,24,20,182.6,180.5,2005.5,2005.0,2004.8,2005.9,4081.6,9370.6,4171.4,3605.4,520.5,1258.3,1595.2,1498.0,16.0,91.0,228.3,149.0,181.8,162.3,19.5,13691.7,12226.5,1465.2,13954.5,12461.2,1493.3
Kinwan,24,18,1074.6,1920.1,2010.7,2009.3,2012.0,2012.0,578.6,1074.0,1078.5,1085.9,50.5,95.6,205.2,206.5,14.5,68.7,46.5,47.2,89.6,71.0,18.6,6936.1,5497.8,1438.4,7069.3,5603.3,1466.0
Kesennuma Ko,23,22,663.4,1168.2,2003.3,2002.9,2012.1,2012.7,5329.6,10912.6,6247.1,5940.9,597.0,1639.3,924.9,645.2,25.0,43.5,92.3,95.8,208.3,206.2,2.1,15708.1,15549.8,158.4,16009.7,15848.3,161.4
Akitafunagawa,23,17,173.3,266.0,1995.2,1997.5,2005.1,2005.7,592.6,842.7,1032.0,1065.7,69.0,134.2,195.2,196.8,27.0,55.4,55.5,55.3,35.0,29.8,5.3,2689.4,2288.1,401.4,2741.1,2332.0,409.1
Miyazu,22,11,269.6,441.8,2008.6,2007.2,2008.5,2008.7,465.9,894.8,815.4,810.9,52.5,106.0,189.7,188.2,21.0,58.2,59.1,57.8,30.1,27.1,3.0,2309.0,2082.4,226.5,2353.3,2122.4,230.9
Sakaiminato,22,17,154.7,226.9,1998.8,1998.6,2003.6,2004.3,645.9,1091.9,1196.4,1378.9,53.0,144.8,345.2,375.1,31.0,48.5,99.0,105.8,32.4,27.6,4.8,2475.4,2113.2,362.2,2522.9,2153.8,369.1
Shingu,21,20,1816.5,2426.6,2006.9,2006.5,2007.7,2008.1,2643.4,2578.5,3140.5,3184.5,233.0,253.2,343.1,349.0,19.0,53.8,78.9,80.4,128.8,123.6,5.2,9954.2,9556.4,397.8,10145.3,9739.9,405.4
Ichikikushikino,21,15,611.5,914.7,2005.6,2005.4,2009.1,2009.2,703.5,2625.8,4899.2,4868.0,119.0,260.1,819.0,814.3,21.0,35.4,61.6,60.0,95.8,93.2,2.6,7374.2,7177.2,197.0,7515.8,7315.0,200.8
Ishikawa,20,16,2086.3,3824.1,2008.6,2008.7,2010.1,2010.0,2306.5,2492.3,2595.6,2596.5,183.0,254.4,326.8,325.3,37.0,77.1,56.4,56.1,161.2,148.4,12.9,12479.1,11482.2,996.9,12718.7,11702.6,1016.0
Yura,20,19,3286.4,5679.4,2007.6,2007.7,2010.2,2010.3,3593.0,3178.8,3399.2,3531.4,356.5,413.1,475.3,468.8,37.0,84.7,84.8,90.8,236.6,223.9,12.7,18081.8,17109.1,972.7,18429.0,17437.6,991.4
Nishitokyo,20,20,2011.0,3538.7,2005.4,2005.4,2010.2,2010.7,1405.4,2739.0,3906.9,4149.8,162.5,279.3,554.7,566.3,46.5,82.8,132.8,141.8,164.1,146.6,17.5,12454.7,11108.6,1346.1,12693.8,11321.9,1371.9
Yawatahama,19,19,252.4,270.4,2004.7,2004.7,2004.9,2008.7,871.8,1241.4,768.4,935.4,105.0,131.1,162.1,197.8,22.0,41.3,31.9,38.1,50.0,44.6,5.5,3835.3,3422.3,412.9,3908.9,3488.0,420.9
Tokachi,19,19,292.7,518.6,2004.8,2004.8,2004.7,2004.5,657.1,1013.2,1387.7,1450.2,85.0,146.0,455.8,477.8,38.0,47.9,36.1,35.7,36.2,32.0,4.3,2779.2,2457.4,321.8,2832.6,2504.6,328.0
Toba,18,18,141.4,145.0,1999.7,1999.7,2002.1,2004.5,986.3,1098.1,1560.7,1410.4,80.0,121.7,226.8,212.8,17.5,19.3,15.9,17.7,27.3,26.0,1.3,2085.5,1985.9,99.6,2125.5,2024.0,101.5
Ryotsu,18,17,98.7,142.8,1998.7,1999.4,2001.0,2001.6,715.8,1357.9,1221.4,1246.2,86.0,136.0,185.1,184.0,24.5,50.6,43.3,41.8,27.2,22.7,4.5,2068.9,1731.9,337.0,2108.6,1765.1,343.5
Minamata Ko,18,11,68.4,98.8,2006.4,2005.6,2010.2,2010.4,336.9,813.9,844.9,836.9,38.0,99.6,206.3,200.7,14.5,26.2,20.0,20.5,17.5,14.5,3.0,1338.5,1112.1,226.4,1364.2,1133.5,230.7
Akadomari,18,18,97.7,139.1,2000.9,2000.9,2001.7,2001.1,1161.5,1385.8,1426.3,1458.0,178.0,242.1,329.0,327.8,23.5,59.6,97.9,94.9,29.8,26.6,3.2,2270.9,2029.4,241.5,2314.5,2068.4,246.1
Nishihara,17,11,1721.3,1526.5,2003.0,2001.4,2004.1,2006.7,1431.9,1663.4,2555.9,2505.1,121.0,136.1,233.0,243.3,36.0,38.4,33.3,36.0,180.3,152.1,28.3,12400.1,10211.3,2188.8,12638.2,10407.4,2230.8
Sukumowan,16,15,782.3,1005.2,2003.7,2004.9,2008.9,2011.2,765.2,1492.1,2649.3,2467.3,64.0,130.6,335.0,342.6,29.5,41.9,39.8,47.2,57.8,52.2,5.6,4462.0,4034.5,427.5,4547.6,4112.0,435.7
Takuma,14,14,431.1,550.8,2003.8,2003.8,2006.5,2006.5,768.7,1446.9,3832.0,4592.2,86.0,162.6,787.0,784.0,20.5,39.6,160.2,159.3,42.7,40.6,2.1,3290.6,3132.6,158.1,3353.8,3192.7,161.1
Kushimoto,14,14,585.0,708.2,2001.4,2001.4,2011.4,2010.9,790.6,1179.9,2928.5,2556.6,106.0,139.1,262.4,258.2,25.0,89.7,102.9,108.1,78.7,73.5,5.2,6070.9,5681.3,389.6,6187.5,5790.4,397.1
Katakami,14,12,20.5,26.0,1994.1,1995.2,1994.2,1995.5,806.8,891.6,770.5,726.2,125.0,139.2,164.9,167.4,15.5,23.1,28.9,27.0,5.8,5.3,0.5,434.9,400.4,34.4,443.2,408.1,35.1
Hofu,14,14,27.1,39.6,2001.7,2001.7,2004.7,2004.3,462.1,519.1,428.2,422.6,43.5,43.9,40.8,42.3,30.5,45.1,50.6,50.2,8.9,4.8,4.1,675.5,364.8,310.7,688.4,371.8,316.7
Morozaki,13,12,682.2,593.9,2000.7,2001.5,2005.3,2010.6,2588.8,2837.7,3648.2,3500.0,311.0,298.3,334.9,386.9,24.0,31.8,36.1,52.1,64.0,62.0,1.9,4926.0,4778.0,148.1,5020.6,4869.7,150.9
Ofunato,13,7,155.3,231.1,2013.3,2010.7,2013.6,2013.8,715.1,1361.6,1009.1,977.7,84.0,142.8,184.6,178.5,55.0,62.1,88.1,88.8,28.2,25.7,2.5,2170.7,1983.9,186.8,2212.4,2022.0,190.4
Oma,13,13,298.4,488.7,1995.1,1995.1,2007.7,2008.0,886.3,2062.1,3402.6,3657.9,97.0,175.8,416.6,426.4,65.0,133.9,121.0,114.1,40.1,30.3,9.8,3078.9,2329.2,749.6,3138.0,2374.0,764.0
Naze,13,9,911.6,846.3,2006.6,2005.8,2008.4,2011.0,793.8,1971.5,2253.9,3719.3,58.0,142.9,268.7,305.9,10.0,89.6,55.1,75.8,137.5,121.8,15.7,9889.5,8689.4,1200.1,10079.4,8856.3,1223.1
Shimoda Ko,13,12,105.5,130.6,2001.5,2001.5,2005.3,2005.0,1149.4,1086.5,1112.5,1089.8,98.0,112.7,106.2,109.5,32.0,29.1,28.8,32.2,26.1,24.2,1.9,2005.0,1859.7,145.3,2043.5,1895.4,148.1
Amagasaki,12,10,16.6,21.2,1992.3,1992.6,1992.8,1993.3,906.8,885.5,961.9,978.1,96.5,90.2,100.7,99.1,37.5,37.4,35.2,35.7,6.7,5.7,1.0,505.7,428.2,77.5,515.4,436.4,79.0
Hinase,11,3,52.1,67.3,2002.2,2001.3,2012.9,2016.5,273.9,352.5,385.9,648.6,61.0,46.3,75.6,91.4,30.0,29.0,35.6,41.8,10.5,8.7,1.8,807.1,670.7,136.4,822.6,683.6,139.0
Yoro,11,11,1954.8,3802.7,2006.4,2006.4,2003.7,2003.6,2882.8,2661.9,3028.4,3065.5,252.0,226.7,372.0,372.5,62.0,104.5,80.4,79.0,112.3,104.8,7.5,8694.1,8116.3,577.8,8861.0,8272.2,588.9
Nita,11,11,175.7,327.5,2003.0,2003.0,2011.5,2011.6,270.0,777.6,2116.7,2388.6,19.0,54.0,289.1,295.6,46.0,65.9,77.4,77.2,16.0,11.7,4.3,1231.8,902.4,329.5,1255.5,919.7,335.8
Uchinomi,11,11,2886.8,5456.8,2004.4,2004.4,2007.3,2007.2,1457.0,2599.1,4989.5,5069.7,169.0,209.0,388.0,390.6,30.0,81.4,139.3,142.2,156.9,149.6,7.3,12148.8,11584.8,564.0,12382.0,11807.2,574.8
Sensyu,10,10,421.2,778.7,2008.2,2008.2,2010.9,2010.8,547.5,1467.3,1775.8,1950.2,59.0,159.6,361.8,370.7,22.5,34.1,48.7,49.2,34.6,32.8,1.9,2665.5,2522.0,143.6,2716.7,2570.4,146.3
Omi,10,10,350.2,638.8,2003.0,2003.0,2011.9,2012.3,588.7,1337.7,2518.8,2663.5,89.0,153.0,334.3,339.4,28.5,36.6,69.5,70.1,30.0,26.9,3.1,2303.5,2064.1,239.4,2347.8,2103.7,244.0
Nakagususku,10,7,184.1,72.0,2004.5,2001.3,2007.0,2002.8,588.6,937.4,575.5,565.6,41.0,109.2,73.2,108.8,18.5,24.9,11.0,14.7,31.4,28.5,2.9,2415.4,2195.1,220.3,2461.8,2237.3,224.5
Uwajima Ko,10,8,52.3,57.5,1990.8,1991.5,1987.3,1981.3,909.3,1891.8,1547.5,2253.4,86.0,828.8,1182.9,1653.6,20.0,23.2,13.3,15.6,32.3,31.3,0.9,2442.7,2371.0,71.7,2489.6,2416.5,73.1
Imari,9,6,35.5,58.2,1998.6,1998.8,2004.3,2004.9,296.0,546.8,402.4,401.9,24.0,22.1,32.4,32.4,9.0,101.2,49.1,44.7,10.2,3.5,6.7,776.8,269.9,506.8,791.7,275.1,516.6
Fukushima (Hokkaido),9,9,1068.7,2018.3,2004.2,2004.2,2012.4,2012.5,1158.5,2678.0,4322.7,4719.2,77.0,255.2,582.7,596.7,223.0,307.3,258.6,265.6,77.8,57.1,20.7,5984.8,4409.4,1575.3,6099.7,4494.1,1605.6
Tateyama,9,9,379.5,641.8,2010.7,2010.7,2012.1,2012.0,1531.2,2343.1,2528.2,2629.1,164.0,298.6,380.3,378.2,61.0,58.2,93.6,95.3,40.0,36.5,3.5,3081.6,2810.5,271.1,3140.8,2864.5,276.3
Hojo,9,9,154.6,252.1,2001.1,2001.1,2002.2,2002.5,1337.6,1548.6,1640.1,1615.4,216.0,365.9,381.1,370.0,71.0,80.6,41.6,35.5,40.8,35.4,5.4,3101.8,2691.6,410.2,3161.3,2743.3,418.0
Abashiri Ko,9,8,236.2,416.6,2002.8,2003.2,2011.6,2011.7,628.5,1287.3,1782.4,1861.6,139.0,146.0,209.3,210.4,19.0,96.8,175.1,177.9,25.7,22.9,2.8,1972.0,1758.4,213.7,2009.9,1792.1,217.8
Taiza,9,9,506.7,900.0,2006.3,2006.3,2011.7,2012.1,1064.8,1440.2,1744.4,2144.1,75.0,116.8,296.6,302.7,17.0,68.3,87.9,92.8,40.4,31.7,8.6,3123.3,2456.0,667.2,3183.2,2503.2,680.0
Mizusaki,8,7,90.1,99.6,2008.6,2007.3,2012.3,2011.0,313.4,774.9,534.5,663.8,19.5,43.8,58.1,61.2,21.5,56.1,131.4,159.3,11.0,5.0,5.9,842.7,386.1,456.5,858.8,393.6,465.3
Miyakojima,8,8,2854.0,3476.0,2007.5,2007.5,2008.1,2008.1,2265.4,5301.0,7564.9,5946.1,247.0,542.4,1333.6,1210.9,39.0,59.5,31.7,36.3,244.1,241.8,2.3,16172.7,16000.1,172.7,16483.3,16307.3,176.0
Wadomari,8,8,1326.2,2299.6,2006.8,2006.8,2006.5,2006.0,3492.3,3060.8,3628.9,3733.6,265.0,252.4,347.8,364.0,35.5,61.9,53.1,57.3,90.0,86.7,3.3,6973.8,6717.3,256.5,7107.7,6846.3,261.4
Tajiri,8,8,83.4,129.5,2004.8,2004.8,2007.0,2006.7,769.3,794.0,631.5,661.0,70.5,85.0,71.0,73.8,71.5,94.6,148.2,171.0,13.0,7.9,5.1,998.5,608.0,390.4,1017.6,619.7,397.9
Nakada,8,8,476.4,835.2,2000.8,2000.8,2004.6,2004.7,1859.2,1847.2,2020.8,2292.5,199.0,382.2,315.2,317.5,19.0,447.1,77.1,45.2,51.9,42.3,9.6,3978.6,3253.3,725.4,4055.0,3315.7,739.3
Hidaka,8,8,190.6,287.4,2004.4,2004.4,2010.1,2010.4,1663.5,1946.7,2059.2,2120.4,185.0,180.8,380.8,389.1,14.0,31.6,37.4,39.8,25.8,24.9,1.0,1988.9,1916.1,72.8,2027.1,1952.9,74.2
Oppama,7,5,333.6,245.5,2008.3,2008.4,2007.7,2007.9,1960.2,1707.6,1795.6,1490.3,168.0,147.8,152.4,149.8,28.0,35.4,22.7,39.6,32.9,28.3,4.6,2531.7,2180.3,351.5,2580.3,2222.1,358.2
Kikaishima,7,7,1109.4,2079.5,2008.9,2008.9,2011.5,2011.8,1978.6,2201.0,2516.1,2530.6,211.0,218.6,283.9,285.1,69.0,90.0,140.2,141.4,68.1,60.8,7.4,5262.0,4694.2,567.7,5363.0,4784.3,578.6
Ota,7,7,45.3,64.3,2007.3,2007.3,2009.6,2009.3,607.2,651.9,694.1,709.3,64.0,64.9,70.2,71.0,14.0,15.7,15.9,15.1,10.8,9.4,1.4,830.1,722.3,107.8,846.1,736.2,109.9
Tonosho,7,7,764.1,1138.1,2007.7,2007.7,2008.5,2008.9,2298.3,2594.5,3178.5,3298.1,221.0,225.3,281.6,315.8,26.0,36.0,47.5,38.5,83.2,75.8,7.4,5626.2,5149.3,476.9,5734.3,5248.2,486.1
Tsushi,7,7,186.4,304.7,2000.3,2000.3,2014.8,2015.7,835.2,1535.6,3507.5,3744.4,91.0,153.0,364.0,371.4,39.0,101.1,379.2,402.7,17.3,14.5,2.8,1331.0,1119.0,212.0,1356.5,1140.5,216.1
Uraga,6,6,1752.8,2282.3,2005.8,2005.8,2006.0,2006.9,2025.6,3344.6,4634.1,5240.1,151.5,249.0,441.5,468.2,11.5,10.7,15.8,15.2,100.4,99.5,0.8,7392.6,7327.4,65.1,7534.5,7468.1,66.4
Shiohama,6,6,11.3,15.5,1997.2,1997.2,2001.8,2002.0,243.4,544.9,677.9,644.8,10.5,36.7,53.0,56.8,34.5,64.0,157.5,153.1,3.9,1.4,2.5,298.2,103.5,194.6,303.9,105.5,198.4
Usuki,6,6,112.1,184.2,2009.3,2009.3,2017.0,2017.6,1688.3,2784.0,3165.7,3164.5,136.5,277.7,389.2,380.8,32.0,41.3,46.4,45.9,32.5,30.4,2.1,2493.7,2332.6,161.1,2541.5,2377.4,164.2
Ine,6,6,24.9,33.2,2006.0,2006.0,2007.8,2007.8,584.6,903.3,761.6,752.2,67.0,91.2,150.0,147.4,36.0,39.7,56.0,55.6,6.8,5.4,1.4,522.2,414.6,107.6,532.2,422.6,109.6
Tsushima,6,6,7.4,9.8,1997.8,1997.8,1998.5,1998.9,410.9,381.2,333.4,335.1,34.5,35.8,37.5,37.8,34.5,99.2,90.9,99.8,7.4,1.9,5.5,558.8,146.5,412.4,569.6,149.3,420.3
Kurihama,6,6,18.5,23.6,2003.0,2003.0,2006.7,2005.4,4000.6,4187.8,2367.1,1732.8,471.0,664.3,869.0,589.3,73.0,662.0,717.5,1296.3,24.8,17.8,7.0,1864.1,1337.7,526.4,1899.9,1363.4,536.5
Toshima/Tokyo,6,6,118.6,197.1,2001.8,2001.8,2007.6,2008.0,2353.1,2628.0,1473.9,1441.9,205.5,231.2,213.1,206.3,122.0,131.7,65.8,61.6,15.8,13.3,2.5,1204.6,1016.7,187.9,1227.7,1036.2,191.5
Minamidaito,5,5,610.0,1163.4,2007.2,2007.2,2009.3,2009.2,2544.7,2438.5,2528.1,2553.3,189.0,202.0,221.1,215.0,42.0,48.0,62.3,63.5,38.8,35.9,2.8,2989.2,2773.1,216.0,3046.6,2826.4,220.2
Oki,5,5,211.5,237.3,2009.0,2009.0,2011.5,2011.2,752.9,1143.4,1094.7,1018.5,73.0,117.4,85.2,90.6,28.0,50.0,25.8,29.7,22.3,18.4,3.8,1721.3,1425.1,296.2,1754.4,1452.5,301.9
Mine,5,5,37.8,68.2,2005.4,2005.4,2009.7,2010.1,426.7,530.9,293.0,277.4,62.0,59.4,83.8,87.6,13.0,19.8,23.0,23.4,4.3,3.3,1.0,328.8,251.8,76.9,335.1,256.7,78.4
Owase Ko,5,5,63.8,101.0,2003.8,2003.8,2004.3,2003.9,644.4,870.2,1216.7,1220.3,69.0,80.4,137.2,142.0,18.0,52.8,63.1,68.2,7.5,6.6,0.9,579.6,509.8,69.8,590.8,519.6,71.2
Kurii,5,5,316.6,574.7,2005.0,2005.0,2012.9,2013.0,982.5,1588.5,3074.2,3242.9,75.0,146.0,404.5,408.9,22.0,37.0,27.0,26.1,20.9,16.8,4.1,1618.1,1301.7,316.4,1649.2,1326.7,322.5
Mori,5,5,411.0,748.9,2009.2,2009.2,2009.9,2009.7,4200.4,3444.6,4430.4,4474.0,340.0,318.8,389.6,393.7,67.0,590.8,94.8,87.6,33.5,30.9,2.7,2579.7,2379.4,200.2,2629.2,2425.1,204.1
Marugame,5,5,427.1,501.4,2008.2,2008.2,2017.8,2017.9,1352.1,2095.8,1565.7,1679.9,109.0,265.4,145.0,153.9,25.0,34.4,33.3,36.8,21.2,19.9,1.4,1629.3,1524.9,104.4,1660.6,1554.2,106.4
Sone,5,5,6.9,7.4,1995.2,1995.2,1995.7,1995.8,1051.4,945.3,945.5,953.8,125.0,113.4,121.1,124.8,12.0,13.2,14.0,14.0,3.9,3.5,0.4,294.2,264.0,30.2,299.8,269.0,30.8
Omonawa,4,4,379.2,669.6,2007.2,2007.2,2007.2,2007.5,3734.1,7172.1,2803.0,2683.0,332.0,753.8,674.0,616.3,20.5,37.5,41.6,41.7,55.4,53.7,1.6,4259.6,4134.6,125.0,4341.4,4214.0,127.4
Nyugawa,4,4,82.7,143.0,2018.0,2018.0,2018.0,2018.0,2069.7,1978.6,1812.5,1808.5,152.0,158.2,213.6,213.5,7.5,15.0,22.9,22.9,15.0,14.2,0.9,1159.1,1094.8,64.2,1181.3,1115.8,65.5
Kashiwazaki,4,4,10.5,12.6,1995.8,1995.8,1995.9,1997.8,1568.8,1336.4,1132.9,1055.4,148.0,131.0,136.5,125.3,15.5,18.8,18.8,17.4,3.8,3.5,0.3,286.5,264.2,22.3,292.0,269.2,22.7
Iwaya,4,4,43.1,60.0,2001.5,2001.5,2007.7,2008.0,2550.5,2180.5,2288.5,2299.6,212.5,181.2,223.4,224.3,18.5,22.8,22.2,21.8,11.0,10.3,0.7,845.3,791.4,53.9,861.6,806.6,54.9
Hetono,4,4,301.1,556.2,2001.5,2001.5,2008.7,2009.3,1976.8,2203.6,2166.7,2184.4,170.5,179.0,207.6,209.7,41.5,43.5,48.2,48.5,24.1,21.8,2.3,1854.2,1679.6,174.6,1889.8,1711.8,178.0
Obama,4,4,201.9,320.3,2005.2,2005.2,2013.0,2014.7,2766.7,7751.6,2173.1,2717.3,212.5,1334.2,738.5,449.7,39.5,36.0,32.8,31.9,47.2,45.8,1.4,3567.5,3460.7,106.8,3636.0,3527.1,108.8
Ogi,4,4,263.7,461.9,1999.5,1999.5,2008.3,2008.5,844.8,1598.1,3266.8,3376.9,136.0,159.5,304.3,306.1,75.5,88.0,22.6,22.0,28.9,26.8,2.1,2231.2,2072.4,158.8,2274.0,2112.2,161.8
Onagawa,4,4,10.7,14.9,1993.0,1993.0,1990.7,1991.4,859.5,924.1,936.6,972.8,109.5,106.2,97.2,101.5,16.0,23.0,28.9,32.5,3.2,2.9,0.3,243.3,218.1,25.1,247.9,222.3,25.6
Beppu,4,4,114.8,21.0,1999.0,1999.0,1997.7,2003.0,978.0,951.6,721.7,887.2,64.5,64.0,45.6,64.6,21.0,37.2,15.8,47.9,30.3,27.0,3.3,2343.1,2087.0,256.0,2388.0,2127.1,261.0
Nikaho,3,3,277.8,497.3,1999.7,1999.7,2010.6,2010.7,1110.2,2386.5,4520.1,4732.7,99.0,218.7,461.4,465.1,28.0,38.0,28.0,27.9,22.8,22.4,0.4,1762.6,1734.6,28.0,1796.5,1767.9,28.6
Narashino,3,3,570.4,200.1,2001.0,2001.0,2001.1,2001.2,4494.6,4515.8,4521.6,4519.3,317.0,333.0,336.1,334.2,8.0,24.0,25.5,24.4,39.4,38.7,0.6,3041.1,2994.4,46.7,3099.5,3051.9,47.6
Koniya,3,3,436.9,792.6,2013.7,2013.7,2012.1,2012.1,2693.8,3282.3,5557.7,5806.0,230.0,261.3,465.1,470.4,102.0,111.3,201.1,204.1,35.7,33.6,2.1,2755.4,2598.0,157.4,2808.3,2647.9,160.4
Koura,3,3,9.3,14.0,2011.7,2011.7,2012.2,2012.2,648.6,811.5,848.2,844.7,62.0,78.3,99.3,99.0,60.0,79.0,64.6,64.9,2.5,2.1,0.5,194.6,160.4,34.2,198.3,163.5,34.8
Kominato,3,3,138.9,254.3,2002.7,2002.7,1995.2,1994.7,1469.0,1375.4,1445.5,1453.1,126.0,119.7,131.5,130.3,6.0,18.0,10.0,8.5,11.0,10.5,0.6,852.3,808.2,44.1,868.7,823.7,45.0
Hamasaka,3,3,153.3,287.4,2009.3,2009.3,2014.4,2014.6,944.4,878.3,1125.1,1127.3,76.0,78.3,113.2,112.2,38.0,144.7,207.9,213.4,47.1,8.2,38.9,3645.4,631.3,3014.1,3715.4,643.4,3071.9
Kohama,3,3,138.7,251.2,2011.7,2011.7,2012.5,2012.5,721.2,1124.1,1523.9,1582.5,78.0,115.7,184.6,186.1,85.0,138.0,272.1,274.9,12.0,9.2,2.8,929.2,715.8,213.4,947.0,729.6,217.5
Tanabe,2,2,31.2,43.5,2005.0,2005.0,2005.0,2005.0,2082.9,2082.9,2601.6,2492.6,232.0,232.0,241.2,240.3,252.0,252.0,82.1,98.6,6.0,5.5,0.4,458.8,426.9,31.9,467.6,435.1,32.5
Sumoto,2,2,12.2,19.1,1999.5,1999.5,2002.4,2002.6,2723.8,2723.8,2390.0,2573.3,216.0,216.0,310.7,318.4,41.5,41.5,48.9,49.5,6.5,5.5,0.9,499.9,427.2,72.7,509.5,435.4,74.1
Chigasaki,2,2,22.2,32.5,2010.0,2010.0,2010.8,2011.1,1393.2,1393.2,1368.4,1394.5,158.0,158.0,159.4,159.9,14.0,14.0,12.4,11.9,4.7,4.6,0.2,363.7,352.2,11.4,370.7,359.0,11.7
Kasaura,2,2,18.9,28.8,2009.0,2009.0,2008.3,2008.3,1720.7,1720.7,1863.1,1863.5,206.5,206.5,267.7,267.7,13.5,13.5,11.7,11.7,3.1,2.9,0.1,237.2,226.8,10.4,241.8,231.2,10.6
Tsuna,2,2,126.7,147.9,2009.0,2009.0,2009.7,2009.6,1999.1,1999.1,1254.3,1292.7,153.0,153.0,93.9,101.7,13.5,13.5,13.8,13.8,15.8,15.3,0.5,1220.2,1181.5,38.7,1243.6,1204.2,39.4
Kawashimo,2,2,19.5,29.5,2010.0,2010.0,2010.6,2010.6,960.0,960.0,736.3,746.2,101.0,101.0,72.6,75.0,17.0,17.0,23.2,22.7,2.5,2.4,0.1,189.5,182.6,6.8,193.1,186.1,7.0
Shikaura,2,2,348.1,620.8,2012.5,2012.5,2011.1,2011.1,3070.3,3070.3,4296.3,4350.9,269.5,269.5,439.5,440.8,17.5,17.5,19.8,19.8,23.3,23.1,0.2,1803.7,1790.7,13.0,1838.3,1825.1,13.3
Gushikawa,2,2,170.0,312.2,2007.5,2007.5,2007.4,2007.4,1847.6,1847.6,1836.2,1836.5,138.5,138.5,140.8,140.9,113.0,113.0,120.9,120.9,14.3,12.7,1.6,1109.9,984.4,125.5,1131.2,1003.3,128.0
Imazato,2,2,85.3,139.9,2003.5,2003.5,2002.0,2002.0,2901.7,2901.7,4726.7,4756.8,262.0,262.0,446.6,447.1,37.5,37.5,61.6,61.6,7.1,6.9,0.3,548.9,529.1,19.9,559.5,539.2,20.2
Ena,2,2,168.5,318.6,2003.5,2003.5,2004.9,2004.9,2895.8,2895.8,4004.7,4040.4,245.5,245.5,326.0,327.0,75.5,75.5,130.3,131.0,13.0,12.1,0.9,1000.9,933.9,67.0,1020.1,951.8,68.3
Futami,2,2,7.8,11.2,2001.5,2001.5,2001.4,2001.9,1283.9,1283.9,1215.1,1256.9,142.0,142.0,140.5,146.9,123.5,123.5,126.1,114.8,2.1,2.0,0.1,156.3,146.9,9.3,159.3,149.8,9.5
Kechi,2,2,4.2,6.6,2008.0,2008.0,2008.0,2008.0,710.6,710.6,710.6,678.3,43.5,43.5,48.8,47.9,49.0,49.0,63.8,61.2,0.8,0.4,0.4,62.4,29.7,32.8,63.6,30.2,33.4
Tsuzuki Ku,1,1,268.5,530.1,2004.0,2004.0,2004.0,2004.0,1665.3,1665.3,1665.3,1665.3,146.0,146.0,146.0,146.0,168.0,168.0,168.0,168.0,31.5,16.2,15.3,2391.3,1244.1,1147.2,2437.3,1268.0,1169.3
Shibayama,1,1,12.7,4.2,1985.0,1985.0,1985.0,1985.0,5220.7,5220.7,5220.7,5220.7,476.0,476.0,476.0,476.0,308.0,308.0,308.0,308.0,5.0,4.4,0.5,372.2,331.0,41.3,379.4,337.3,42.1
Hashi,1,1,6.3,7.8,2007.0,2007.0,2007.0,2007.0,348.1,348.1,348.1,348.1,42.0,42.0,42.0,42.0,9.0,9.0,9.0,9.0,1.2,0.9,0.3,94.5,67.6,26.9,96.3,68.9,27.4
Hamochi,1,1,3.2,2.4,1989.0,1989.0,1989.0,1989.0,1677.6,1677.6,1677.6,1677.6,214.0,214.0,214.0,214.0,21.0,21.0,21.0,21.0,0.8,0.7,0.1,62.5,54.2,8.3,63.7,55.2,8.4
Shichirui,1,1,0.6,0.8,2005.0,2005.0,2005.0,2005.0,218.0,218.0,218.0,218.0,28.0,28.0,28.0,28.0,8.0,8.0,8.0,8.0,0.1,0.1,0.0,10.1,9.9,0.2,10.3,10.1,0.2
Hirugaura,1,1,9.1,8.9,1998.0,1998.0,1998.0,1998.0,2471.3,2471.3,2471.3,2471.3,193.0,193.0,193.0,193.0,550.0,550.0,550.0,550.0,11.5,4.1,7.4,865.0,310.6,554.4,881.6,316.6,565.0
Minami,1,1,0.3,0.3,1991.0,1991.0,1991.0,1991.0,219.0,219.0,219.0,219.0,24.0,24.0,24.0,24.0,3.0,3.0,3.0,3.0,0.1,0.1,0.0,9.6,9.5,0.1,9.8,9.7,0.1
Yachiyo,1,1,6.2,10.9,1998.0,1998.0,1998.0,1998.0,232.9,232.9,232.9,232.9,21.0,21.0,21.0,21.0,83.0,83.0,83.0,83.0,0.7,0.4,0.3,57.3,32.6,24.7,58.4,33.3,25.1
Takuno,1,1,3.6,4.3,2014.0,2014.0,2014.0,2014.0,700.2,700.2,700.2,700.2,69.0,69.0,69.0,69.0,7.0,7.0,7.0,7.0,0.9,0.9,0.0,70.7,67.4,3.3,72.0,68.7,3.4
Takeshiki,1,1,0.0,0.0,1993.0,1993.0,1993.0,1993.0,26.8,26.8,26.8,26.8,9.0,9.0,9.0,9.0,0.0,0.0,0.0,0.0,0.0,0.0,0.0,1.3,1.3,0.0,1.4,1.4,0.0
Mita,1,1,775.1,789.9,2013.0,2013.0,2013.0,2013.0,5044.1,5044.1,5044.1,5044.1,244.0,244.0,244.0,244.0,133.0,133.0,133.0,133.0,82.4,79.4,3.0,6367.1,6140.2,226.9,6489.3,6258.1,231.2
Eigashima,1,1,1.6,1.6,1993.0,1993.0,1993.0,1993.0,1029.0,1029.0,1029.0,1029.0,106.0,106.0,106.0,106.0,19.0,19.0,19.0,19.0,0.5,0.5,0.0,39.3,37.9,1.4,40.0,38.6,1.4
Toyota,1,1,0.6,0.9,2011.0,2011.0,2011.0,2011.0,206.3,206.3,206.3,206.3,23.0,23.0,23.0,23.0,25.0,25.0,25.0,25.0,0.3,0.2,0.1,24.4,17.8,6.6,24.9,18.1,6.8
